<?xml version="1.0" encoding="UTF-8"?>

<mule xmlns:dw="http://www.mulesoft.org/schema/mule/ee/dw" xmlns:ws="http://www.mulesoft.org/schema/mule/ws" xmlns:metadata="http://www.mulesoft.org/schema/mule/metadata" xmlns:http="http://www.mulesoft.org/schema/mule/http" xmlns="http://www.mulesoft.org/schema/mule/core" xmlns:doc="http://www.mulesoft.org/schema/mule/documentation"
	xmlns:spring="http://www.springframework.org/schema/beans" 
	xmlns:xsi="http://www.w3.org/2001/XMLSchema-instance"
	xsi:schemaLocation="http://www.springframework.org/schema/beans http://www.springframework.org/schema/beans/spring-beans-current.xsd
http://www.mulesoft.org/schema/mule/core http://www.mulesoft.org/schema/mule/core/current/mule.xsd
http://www.mulesoft.org/schema/mule/ws http://www.mulesoft.org/schema/mule/ws/current/mule-ws.xsd
http://www.mulesoft.org/schema/mule/http http://www.mulesoft.org/schema/mule/http/current/mule-http.xsd
http://www.mulesoft.org/schema/mule/ee/dw http://www.mulesoft.org/schema/mule/ee/dw/current/dw.xsd">
    <http:listener-config name="HTTP_Listener_Configuration" host="0.0.0.0" port="8089" doc:name="HTTP Listener Configuration"/>
    <ws:consumer-config name="Web_Service_Consumer" service="TshirtService" port="TshirtServicePort" serviceAddress="http://tshirt-service.cloudhub.io" wsdlLocation="tshirt.wsdl" doc:name="Web Service Consumer"/>
    <flow name="webserviceconsumerpocFlow">
        <http:listener config-ref="HTTP_Listener_Configuration" path="/getTshirts" allowedMethods="POST" doc:name="HTTP"/>
        <dw:transform-message doc:name="Transform Message" metadata:id="bd9bbb76-2e90-403b-b9ce-0662ea7bc7ea">
            <dw:input-payload mimeType="application/json"/>
            <dw:set-payload><![CDATA[%dw 1.0
%output application/xml
%namespace ns0 http://mulesoft.org/tshirt-service
---
{
	ns0#OrderTshirt: {
		size: payload.size,
		email: payload.email,
		name: payload.name,
		address1: payload.address1,
		address2: payload.address2,
		city: payload.city,
		stateOrProvince: payload.stateOrProvince,
		postalCode: payload.postalCode,
		country: payload.country
	}
}]]></dw:set-payload>
        </dw:transform-message>
        <ws:consumer config-ref="Web_Service_Consumer" operation="OrderTshirt" doc:name="Web Service Consumer"/>
        <dw:transform-message doc:name="Transform Message">
            <dw:set-payload><![CDATA[%dw 1.0
%output application/json
---
payload
]]></dw:set-payload>
        </dw:transform-message>
        <logger message="#[message.payloadAs(java.lang.String)]" level="INFO" doc:name="Logger"/>
    </flow>
    <flow name="webserviceconsumerpocFlow1">
        <http:listener config-ref="HTTP_Listener_Configuration" path="/listInventory" doc:name="HTTP"/>
        <ws:consumer config-ref="Web_Service_Consumer" operation="ListInventory" doc:name="Web Service Consumer"/>
        <dw:transform-message doc:name="Transform Message">
            <dw:set-payload><![CDATA[%dw 1.0
%output application/json
---
payload]]></dw:set-payload>
        </dw:transform-message>
    </flow>
</mule>
